ESIID,USAGE_DATE,REVISION_DATE,START_READING,END_READING,USAGE_KWH
'10443720000724329,10/01/2020,10/02/2020 07:35:54,12475.963,12488.711,12.743
'10443720000724329,10/02/2020,10/03/2020 07:44:44,12488.711,12500.242,11.531
'10443720000724329,10/03/2020,10/04/2020 11:32:23,12500.242,12517.242,17.034
'10443720000724329,10/04/2020,10/05/2020 07:42:16,12517.242,12535.721,18.439
'10443720000724329,10/05/2020,10/06/2020 07:42:54,12535.721,12547.919,12.203
'10443720000724329,10/06/2020,10/07/2020 07:42:58,12547.919,12565.103,17.182
'10443720000724329,10/07/2020,10/08/2020 07:38:07,12565.103,12584.809,19.706
'10443720000724329,10/08/2020,10/09/2020 07:45:09,12584.809,12621.904,37.09
'10443720000724329,10/09/2020,10/10/2020 07:36:36,12621.904,12658.296,36.395
'10443720000724329,10/10/2020,10/11/2020 11:44:14,12658.296,12691.547,33.247
'10443720000724329,10/11/2020,10/12/2020 07:35:51,12691.547,12730.036,38.49
'10443720000724329,10/12/2020,10/13/2020 07:37:48,12730.036,12759.325,29.291
'10443720000724329,10/13/2020,10/14/2020 07:37:18,12759.325,12785.28,25.956
'10443720000724329,10/14/2020,10/16/2020 07:36:08,12785.28,12815.664,30.382
'10443720000724329,10/15/2020,10/16/2020 07:34:26,12815.664,12838.427,22.767
'10443720000724329,10/16/2020,10/17/2020 08:40:19,12838.427,12852.732,14.302
'10443720000724329,10/17/2020,10/18/2020 09:14:59,12852.732,12866.978,14.25
'10443720000724329,10/18/2020,10/19/2020 07:42:31,12866.978,12879.146,12.163
'10443720000724329,10/19/2020,10/20/2020 07:44:54,12879.146,12886.805,7.662
'10443720000724329,10/20/2020,10/21/2020 07:47:21,12886.805,12894.096,7.29
'10443720000724329,10/21/2020,10/22/2020 07:39:47,12894.096,12907.222,13.121
'10443720000724329,10/22/2020,10/23/2020 07:47:20,12907.222,12922.045,14.825
'10443720000724329,10/23/2020,10/24/2020 07:46:46,12922.045,12939.304,17.259
'10443720000724329,10/24/2020,10/25/2020 11:45:56,12939.304,12961.816,22.512
'10443720000724329,10/25/2020,10/26/2020 07:46:31,12961.816,12981.455,19.636
'10443720000724329,10/26/2020,10/27/2020 07:51:03,12981.455,13008.116,26.661
'10443720000724329,10/27/2020,10/28/2020 07:52:47,13008.116,13043.509,35.393
'10443720000724329,10/28/2020,10/29/2020 07:38:56,13043.509,13078.217,34.707
'10443720000724329,10/29/2020,10/30/2020 09:10:31,13078.217,13109.9,31.679
'10443720000724329,10/30/2020,10/31/2020 10:44:12,13109.9,13132.31,22.412
'10443720000724329,10/31/2020,11/01/2020 11:08:48,13132.31,13153.207,20.897
'10443720000724329,11/01/2020,11/02/2020 10:47:50,13153.207,13172.544,19.335
'10443720000724329,11/02/2020,11/03/2020 09:44:05,13172.544,13189.415,16.873
'10443720000724329,11/03/2020,11/04/2020 07:51:49,13189.415,13205.978,16.566
'10443720000724329,11/04/2020,11/05/2020 07:48:18,13205.978,13219.908,13.932
'10443720000724329,11/05/2020,11/06/2020 07:46:07,13219.908,13232.138,12.228
'10443720000724329,11/06/2020,11/07/2020 07:43:05,13232.138,13242.222,10.083
'10443720000724329,11/07/2020,11/08/2020 15:45:31,13242.222,13252.544,10.324
'10443720000724329,11/08/2020,11/09/2020 07:36:52,13252.544,13268.698,16.159
'10443720000724329,11/09/2020,11/10/2020 07:58:53,13268.698,13280.134,11.436
'10443720000724329,11/10/2020,11/11/2020 07:47:34,13280.134,13290.73,10.597
'10443720000724329,11/11/2020,11/12/2020 07:49:00,13290.73,13304.593,13.864
'10443720000724329,11/12/2020,11/13/2020 07:52:24,13304.593,13318.29,13.698
'10443720000724329,11/13/2020,11/14/2020 07:46:19,13318.29,13329.754,11.463
'10443720000724329,11/14/2020,11/15/2020 11:03:44,13329.754,13343.383,13.628
'10443720000724329,11/15/2020,11/16/2020 07:41:04,13343.383,13364.983,21.598
'10443720000724329,11/16/2020,11/17/2020 07:48:26,13364.983,13383.016,18.035
'10443720000724329,11/17/2020,11/18/2020 07:39:37,13383.016,13406.278,23.257
'10443720000724329,11/18/2020,11/19/2020 07:42:45,13406.278,13418.658,12.38
'10443720000724329,11/19/2020,11/20/2020 08:40:30,13418.658,13435.027,16.365
'10443720000724329,11/20/2020,11/21/2020 07:36:33,13435.027,13446.683,11.654
'10443720000724329,11/21/2020,11/22/2020 17:19:52,13446.683,13458.39,11.71
'10443720000724329,11/22/2020,11/23/2020 07:51:53,13458.39,13476.572,18.183
'10443720000724329,11/23/2020,11/24/2020 07:55:58,13476.572,13498.232,21.657
'10443720000724329,11/24/2020,11/25/2020 07:53:40,13498.232,13513.662,15.429
'10443720000724329,11/25/2020,11/26/2020 07:55:30,13513.662,13533.448,19.787
'10443720000724329,11/26/2020,11/27/2020 07:56:09,13533.448,13556.294,22.852
'10443720000724329,11/27/2020,11/28/2020 07:55:01,13556.294,13572.484,16.19
'10443720000724329,11/28/2020,11/29/2020 12:02:23,13572.484,13597.676,25.196
'10443720000724329,11/29/2020,11/30/2020 08:01:38,13597.676,13629.678,31.998
'10443720000724329,11/30/2020,12/01/2020 08:03:40,13629.678,13675.186,45.506
'10443720000724329,12/01/2020,12/02/2020 07:47:29,13675.186,13728.198,53.018
'10443720000724329,12/02/2020,12/03/2020 09:25:56,13728.198,13762.115,33.916
'10443720000724329,12/03/2020,12/04/2020 07:40:39,13762.115,13800.641,38.526
'10443720000724329,12/04/2020,12/05/2020 07:40:19,13800.641,13852.726,52.085
'10443720000724329,12/05/2020,12/06/2020 11:38:01,13852.726,13878.656,25.932
'10443720000724329,12/06/2020,12/07/2020 07:39:19,13878.656,13898.254,19.599
'10443720000724329,12/07/2020,12/08/2020 07:41:40,13898.254,13919.28,21.026
'10443720000724329,12/08/2020,12/09/2020 07:39:54,13919.28,13940.986,21.704
'10443720000724329,12/09/2020,12/10/2020 07:39:02,13940.986,13959.336,18.352
'10443720000724329,12/10/2020,12/11/2020 07:44:39,13959.336,13975.733,16.4
'10443720000724329,12/11/2020,12/12/2020 07:37:40,13975.733,13988.088,12.354
'10443720000724329,12/12/2020,12/14/2020 10:50:13,13988.088,14014.336,26.25
'10443720000724329,12/13/2020,12/14/2020 10:48:42,14014.336,14051.645,37.309
'10443720000724329,12/14/2020,12/15/2020 07:48:50,14051.645,14085.971,34.327
'10443720000724329,12/15/2020,12/16/2020 07:49:48,14085.971,14125.201,39.231
'10443720000724329,12/16/2020,12/17/2020 07:40:33,14125.201,14171.53,46.327
'10443720000724329,12/17/2020,12/18/2020 07:39:50,14171.53,14206.855,35.328
'10443720000724329,12/18/2020,12/19/2020 07:40:31,14206.855,14231.339,24.485
'10443720000724329,12/19/2020,12/20/2020 12:00:04,14231.339,14252.083,20.74
'10443720000724329,12/20/2020,12/21/2020 07:34:20,14252.083,14274.38,22.298
'10443720000724329,12/21/2020,12/22/2020 07:35:42,14274.38,14295.912,21.534
'10443720000724329,12/22/2020,12/24/2020 07:38:12,14295.912,14313.57,17.658
'10443720000724329,12/23/2020,12/24/2020 07:36:25,14313.57,14343.21,29.639
'10443720000724329,12/24/2020,12/25/2020 07:36:02,14343.21,14385.716,42.506
'10443720000724329,12/25/2020,12/26/2020 07:39:46,14385.716,14421.904,36.183
'10443720000724329,12/26/2020,12/27/2020 11:40:21,14421.904,14449.68,27.778
'10443720000724329,12/27/2020,12/28/2020 07:37:41,14449.68,14466.376,16.7
'10443720000724329,12/28/2020,12/29/2020 07:42:35,14466.376,14478.34,11.962
'10443720000724329,12/29/2020,12/30/2020 07:40:53,14478.34,14486.028,7.684
'10443720000724329,12/30/2020,12/31/2020 07:40:03,14486.028,14508.946,22.915
'10443720000724329,12/31/2020,01/01/2021 07:42:07,14508.946,14556.8,47.85
'10443720000724329,01/01/2021,01/02/2021 07:39:48,14556.8,14610.119,53.317
'10443720000724329,01/02/2021,01/03/2021 12:55:09,14610.119,14647.119,37.474
'10443720000724329,01/03/2021,01/04/2021 08:13:02,14647.119,14676.07,28.474
'10443720000724329,01/04/2021,01/05/2021 11:02:34,14676.07,14698.986,22.918
'10443720000724329,01/05/2021,01/06/2021 08:12:58,14698.986,14718.906,19.918
'10443720000724329,01/06/2021,01/07/2021 08:44:27,14718.906,14737.174,18.269
'10443720000724329,01/07/2021,01/08/2021 07:55:19,14737.174,14774.177,37.003
'10443720000724329,01/08/2021,01/09/2021 07:58:20,14774.177,14811.025,36.846
'10443720000724329,01/09/2021,01/10/2021 12:07:28,14811.025,14866.459,55.437
'10443720000724329,01/10/2021,01/11/2021 07:46:48,14866.459,14920.662,54.201
'10443720000724329,01/11/2021,01/12/2021 08:00:44,14920.662,14967.434,46.769
'10443720000724329,01/12/2021,01/13/2021 08:05:26,14967.434,15014.084,46.648
'10443720000724329,01/13/2021,01/14/2021 09:19:07,15014.084,15050.726,36.639
'10443720000724329,01/14/2021,01/15/2021 08:01:09,15050.726,15073.889,23.162
'10443720000724329,01/15/2021,01/16/2021 09:07:37,15073.889,15106.885,32.997
'10443720000724329,01/16/2021,01/17/2021 12:22:18,15106.885,15139.87,32.986
'10443720000724329,01/17/2021,01/18/2021 07:32:13,15139.87,15170.112,30.242
'10443720000724329,01/18/2021,01/19/2021 07:34:22,15170.112,15202.124,32.011
'10443720000724329,01/19/2021,01/20/2021 07:56:26,15202.124,15224.651,22.529
'10443720000724329,01/20/2021,01/21/2021 07:35:33,15224.651,15254.498,29.856
'10443720000724329,01/21/2021,01/22/2021 07:36:24,15254.498,15279.122,24.625
'10443720000724329,01/22/2021,01/23/2021 07:39:06,15279.122,15302.983,23.86
'10443720000724329,01/23/2021,01/24/2021 11:36:03,15302.983,15329.378,26.394
'10443720000724329,01/24/2021,01/25/2021 07:57:18,15329.378,15352.781,23.406
'10443720000724329,01/25/2021,01/26/2021 08:02:24,15352.781,15370.458,17.679
'10443720000724329,01/26/2021,01/27/2021 08:00:37,15370.458,15394.748,24.295
'10443720000724329,01/27/2021,01/28/2021 08:00:33,15394.748,15422.216,27.468
'10443720000724329,01/28/2021,01/29/2021 07:58:53,15422.216,15466.187,43.967
'10443720000724329,01/29/2021,01/30/2021 07:58:56,15466.187,15497.032,30.845
'10443720000724329,01/30/2021,01/31/2021 12:40:39,15497.032,15517.85,20.819
'10443720000724329,01/31/2021,02/01/2021 07:59:24,15517.85,15547.874,30.023
'10443720000724329,02/01/2021,02/02/2021 08:03:28,15547.874,15573.649,25.769
'10443720000724329,02/02/2021,02/03/2021 08:01:30,15573.649,15595.108,21.459
'10443720000724329,02/03/2021,02/04/2021 08:02:38,15595.108,15616.926,21.82
'10443720000724329,02/04/2021,02/05/2021 07:59:39,15616.926,15632.624,15.696
'10443720000724329,02/05/2021,02/06/2021 08:00:04,15632.624,15655.048,22.422
'10443720000724329,02/06/2021,02/07/2021 09:39:26,15655.048,15680.642,25.601
'10443720000724329,02/07/2021,02/08/2021 08:01:27,15680.642,15710.892,30.248
'10443720000724329,02/08/2021,02/09/2021 08:01:09,15710.892,15733.324,22.429
'10443720000724329,02/09/2021,02/10/2021 08:06:39,15733.324,15800.48,67.16
'10443720000724329,02/10/2021,02/11/2021 08:04:51,15800.48,15892.319,91.84
'10443720000724329,02/11/2021,02/12/2021 08:04:29,15892.319,15983.042,90.721
'10443720000724329,02/12/2021,02/13/2021 08:03:45,15983.042,16047.248,64.206
'10443720000724329,02/13/2021,02/14/2021 09:50:25,16047.248,16118.956,71.708
'10443720000724329,02/14/2021,02/15/2021 08:20:58,16118.956,16230.956,111.792
'10443720000724329,02/15/2021,02/17/2021 10:38:43,16230.956,16351.859,121.108
'10443720000724329,02/16/2021,02/17/2021 10:33:23,16351.859,16463.701,111.848
'10443720000724329,02/17/2021,02/18/2021 10:44:53,16463.701,16539.059,75.359
'10443720000724329,02/18/2021,02/19/2021 09:51:34,16539.059,16604.951,65.892
'10443720000724329,02/19/2021,02/21/2021 12:13:20,16604.951,16657.838,52.885
'10443720000724329,02/20/2021,02/22/2021 09:30:13,16657.838,16700.447,42.615
'10443720000724329,02/21/2021,02/22/2021 09:27:13,16700.447,16723.174,22.723
'10443720000724329,02/22/2021,02/23/2021 08:49:12,16723.174,16746.335,23.16
'10443720000724329,02/23/2021,02/24/2021 08:25:09,16746.335,16768.109,21.771
'10443720000724329,02/24/2021,02/25/2021 08:19:26,16768.109,16783.898,15.786
'10443720000724329,02/25/2021,02/26/2021 08:33:24,16783.898,16807.441,23.54
'10443720000724329,02/26/2021,02/27/2021 08:10:15,16807.441,16827.815,20.378
'10443720000724329,02/27/2021,02/28/2021 10:36:16,16827.815,16847.514,19.704
'10443720000724329,02/28/2021,03/01/2021 08:02:21,16847.514,16865.782,18.266
'10443720000724329,03/01/2021,03/02/2021 08:02:22,16865.782,16887.097,21.322
'10443720000724329,03/02/2021,03/03/2021 08:20:26,16887.097,16909.08,21.978
'10443720000724329,03/03/2021,03/04/2021 08:22:30,16909.08,16929.229,20.15
'10443720000724329,03/04/2021,03/05/2021 08:58:53,16929.229,16944.498,15.269
'10443720000724329,03/05/2021,03/06/2021 08:17:04,16944.498,16961.53,17.031
'10443720000724329,03/06/2021,03/07/2021 10:39:24,16961.53,16978.964,17.435
'10443720000724329,03/07/2021,03/08/2021 08:37:27,16978.964,16996.753,17.787
'10443720000724329,03/08/2021,03/09/2021 08:25:31,16996.753,17012.183,15.425
'10443720000724329,03/09/2021,03/10/2021 08:34:25,17012.183,17028.218,16.038
'10443720000724329,03/10/2021,03/11/2021 08:42:53,17028.218,17044.164,15.948
'10443720000724329,03/11/2021,03/12/2021 08:20:55,17044.164,17062.04,17.875
'10443720000724329,03/12/2021,03/13/2021 08:05:36,17062.04,17079.354,17.317
'10443720000724329,03/13/2021,03/14/2021 10:47:53,17079.354,17096.312,16.956
'10443720000724329,03/14/2021,03/15/2021 10:54:37,17096.312,17118.456,22.142
'10443720000724329,03/15/2021,03/16/2021 10:27:33,17118.456,17138.947,20.492
'10443720000724329,03/16/2021,03/17/2021 08:23:21,17138.947,17161.046,22.098
'10443720000724329,03/17/2021,03/18/2021 08:21:16,17161.046,17182.444,21.401
'10443720000724329,03/18/2021,03/19/2021 08:21:43,17182.444,17205.042,22.598
'10443720000724329,03/19/2021,03/20/2021 08:20:23,17205.042,17226.115,21.075
'10443720000724329,03/20/2021,03/21/2021 09:40:09,17226.115,17247.157,21.043
'10443720000724329,03/21/2021,03/22/2021 08:54:17,17247.157,17268.847,21.692
'10443720000724329,03/22/2021,03/23/2021 08:00:31,17268.847,17284.475,15.628
'10443720000724329,03/23/2021,03/24/2021 08:03:09,17284.475,17301.894,17.416
'10443720000724329,03/24/2021,03/25/2021 08:00:10,17301.894,17318.316,16.423
'10443720000724329,03/25/2021,03/26/2021 08:00:50,17318.316,17334.034,15.717
'10443720000724329,03/26/2021,03/27/2021 07:55:53,17334.034,17349.343,15.316
'10443720000724329,03/27/2021,03/28/2021 09:26:57,17349.343,17365.946,16.601
'10443720000724329,03/28/2021,03/29/2021 08:09:41,17365.946,17386.027,20.081
'10443720000724329,03/29/2021,03/30/2021 07:38:23,17386.027,17400.842,14.82
'10443720000724329,03/30/2021,03/31/2021 07:38:11,17400.842,17413.537,12.694
'10443720000724329,03/31/2021,04/01/2021 07:41:07,17413.537,17425.856,12.322
'10443720000724329,04/01/2021,04/02/2021 07:39:43,17425.856,17436.203,10.346
'10443720000724329,04/02/2021,04/03/2021 08:01:35,17436.203,17445.011,8.809
'10443720000724329,04/03/2021,04/04/2021 11:26:12,17445.011,17453.388,8.37
'10443720000724329,04/04/2021,04/05/2021 07:39:25,17453.388,17462.665,9.278
'10443720000724329,04/05/2021,04/06/2021 07:41:05,17462.665,17477.678,15.013
'10443720000724329,04/06/2021,04/07/2021 07:41:12,17477.678,17490.94,13.256
'10443720000724329,04/07/2021,04/08/2021 07:45:58,17490.94,17504.754,13.813
'10443720000724329,04/08/2021,04/09/2021 07:46:26,17504.754,17518.664,13.909
'10443720000724329,04/09/2021,04/10/2021 07:40:42,17518.664,17537.872,19.206
'10443720000724329,04/10/2021,04/11/2021 09:22:49,17537.872,17551.554,13.688
'10443720000724329,04/11/2021,04/12/2021 07:42:04,17551.554,17566.606,15.051
'10443720000724329,04/12/2021,04/13/2021 07:45:02,17566.606,17587.322,20.719
'10443720000724329,04/13/2021,04/14/2021 07:46:37,17587.322,17604.832,17.512
'10443720000724329,04/14/2021,04/15/2021 08:25:56,17604.832,17616.575,11.743
'10443720000724329,04/15/2021,04/16/2021 08:03:16,17616.575,17628.11,11.532
'10443720000724329,04/16/2021,04/17/2021 07:41:29,17628.11,17639.984,11.872
'10443720000724329,04/17/2021,04/18/2021 17:05:24,17639.984,17658.448,18.459
'10443720000724329,04/18/2021,04/19/2021 07:32:42,17658.448,17675.232,16.785
'10443720000724329,04/19/2021,04/20/2021 07:21:52,17675.232,17692.92,17.681
'10443720000724329,04/20/2021,04/21/2021 07:19:11,17692.92,17706.53,13.61
'10443720000724329,04/21/2021,04/22/2021 07:19:20,17706.53,17725.573,19.047
'10443720000724329,04/22/2021,04/23/2021 07:19:21,17725.573,17739.4,13.83
'10443720000724329,04/23/2021,04/24/2021 07:16:37,17739.4,17752.17,12.773
'10443720000724329,04/24/2021,04/25/2021 08:18:14,17752.17,17769.545,17.373
'10443720000724329,04/25/2021,04/26/2021 07:19:53,17769.545,17789.636,20.09
'10443720000724329,04/26/2021,04/27/2021 07:20:48,17789.636,17808.032,18.396
'10443720000724329,04/27/2021,04/28/2021 07:22:22,17808.032,17822.156,14.127
'10443720000724329,04/28/2021,04/29/2021 07:21:50,17822.156,17837.603,15.45
'10443720000724329,04/29/2021,04/30/2021 07:18:19,17837.603,17854.58,16.978
'10443720000724329,04/30/2021,05/01/2021 07:17:09,17854.58,17870.766,16.186
'10443720000724329,05/01/2021,05/02/2021 08:19:59,17870.766,17893.147,22.379
'10443720000724329,05/02/2021,05/03/2021 07:20:57,17893.147,17916.36,23.211
'10443720000724329,05/03/2021,05/04/2021 07:24:18,17916.36,17942.444,26.086
'10443720000724329,05/04/2021,05/05/2021 07:23:13,17942.444,17959.405,16.958
'10443720000724329,05/05/2021,05/06/2021 07:23:49,17959.405,17974.531,15.13
'10443720000724329,05/06/2021,05/07/2021 07:22:55,17974.531,17990.705,16.175
'10443720000724329,05/07/2021,05/08/2021 07:19:42,17990.705,18011.977,21.269
'10443720000724329,05/08/2021,05/09/2021 08:21:03,18011.977,18035.723,23.748
'10443720000724329,05/09/2021,05/10/2021 07:22:36,18035.723,18059.076,23.354
'10443720000724329,05/10/2021,05/11/2021 07:24:57,18059.076,18075.74,16.667
'10443720000724329,05/11/2021,05/12/2021 07:24:54,18075.74,18092.432,16.693
'10443720000724329,05/12/2021,05/13/2021 07:27:57,18092.432,18109.828,17.392
'10443720000724329,05/13/2021,05/14/2021 07:26:17,18109.828,18124.667,14.844
'10443720000724329,05/14/2021,05/15/2021 07:24:54,18124.667,18147.068,22.402
'10443720000724329,05/15/2021,05/16/2021 11:41:42,18147.068,18173.821,26.757
'10443720000724329,05/16/2021,05/17/2021 07:31:22,18173.821,18194.096,20.273
'10443720000724329,05/17/2021,05/18/2021 07:37:58,18194.096,18212.886,18.789
'10443720000724329,05/18/2021,05/19/2021 07:34:07,18212.886,18227.761,14.877
'10443720000724329,05/19/2021,05/20/2021 07:25:54,18227.761,18246.193,18.433
'10443720000724329,05/20/2021,05/21/2021 07:29:32,18246.193,18260.927,14.735
'10443720000724329,05/21/2021,05/22/2021 07:20:16,18260.927,18281.746,20.816
'10443720000724329,05/22/2021,05/23/2021 15:10:58,18281.746,18302.624,20.877
'10443720000724329,05/23/2021,05/24/2021 07:24:32,18302.624,18320.568,17.945
'10443720000724329,05/24/2021,05/25/2021 07:25:46,18320.568,18338.051,17.482
'10443720000724329,05/25/2021,05/26/2021 07:18:06,18338.051,18357.796,19.743
'10443720000724329,05/26/2021,05/27/2021 07:18:29,18357.796,18382.702,24.902
'10443720000724329,05/27/2021,05/28/2021 07:21:31,18382.702,18414.5,31.796
'10443720000724329,05/28/2021,05/29/2021 07:18:55,18414.5,18431.588,17.084
'10443720000724329,05/29/2021,05/30/2021 08:24:21,18431.588,18448.957,17.365
'10443720000724329,05/30/2021,05/31/2021 07:18:29,18448.957,18475.037,26.079
'10443720000724329,05/31/2021,06/01/2021 07:29:51,18475.037,18499.925,24.892
'10443720000724329,06/01/2021,06/02/2021 07:26:38,18499.925,18513.721,13.795
'10443720000724329,06/02/2021,06/03/2021 07:41:18,18513.721,18529.462,15.746
'10443720000724329,06/03/2021,06/04/2021 07:37:14,18529.462,18549.925,20.468
'10443720000724329,06/04/2021,06/05/2021 07:30:38,18549.925,18568.435,18.51
'10443720000724329,06/05/2021,06/06/2021 08:28:26,18568.435,18592.734,24.3
'10443720000724329,06/06/2021,06/07/2021 07:30:15,18592.734,18622.901,30.165
'10443720000724329,06/07/2021,06/08/2021 07:31:45,18622.901,18652.577,29.677
'10443720000724329,06/08/2021,06/09/2021 07:39:06,18652.577,18680.944,28.367
'10443720000724329,06/09/2021,06/10/2021 07:39:06,18680.944,18716.444,35.498
'10443720000724329,06/10/2021,06/11/2021 09:04:18,18716.444,18752.126,35.684
'10443720000724329,06/11/2021,06/12/2021 07:27:27,18752.126,18797.18,45.052
'10443720000724329,06/12/2021,06/13/2021 08:58:26,18797.18,18830.412,33.236
'10443720000724329,06/13/2021,06/14/2021 07:28:09,18830.412,18882.912,52.499
'10443720000724329,06/14/2021,06/15/2021 07:32:44,18882.912,18924.545,41.632
'10443720000724329,06/15/2021,06/16/2021 07:35:21,18924.545,18965.153,40.608
'10443720000724329,06/16/2021,06/17/2021 07:36:17,18965.153,18998.143,32.988
'10443720000724329,06/17/2021,06/18/2021 07:29:57,18998.143,19041.757,43.617
'10443720000724329,06/18/2021,06/19/2021 07:30:28,19041.757,19087.388,45.623
'10443720000724329,06/19/2021,06/20/2021 08:27:58,19087.388,19112.099,24.71
'10443720000724329,06/20/2021,06/21/2021 07:21:50,19112.099,19140.11,28.013
'10443720000724329,06/21/2021,06/22/2021 08:17:13,19140.11,19175.826,35.714
'10443720000724329,06/22/2021,06/23/2021 07:31:50,19175.826,19208.215,32.388
'10443720000724329,06/23/2021,06/24/2021 07:32:50,19208.215,19247.623,39.409
'10443720000724329,06/24/2021,06/25/2021 07:29:50,19247.623,19292.328,44.702
'10443720000724329,06/25/2021,06/26/2021 07:23:36,19292.328,19332.896,40.566
'10443720000724329,06/26/2021,06/27/2021 08:27:58,19332.896,19371.416,38.521
'10443720000724329,06/27/2021,06/28/2021 07:27:56,19371.416,19404.026,32.612
'10443720000724329,06/28/2021,06/29/2021 07:31:38,19404.026,19439.924,35.903
'10443720000724329,06/29/2021,06/30/2021 07:33:10,19439.924,19485.367,45.444
'10443720000724329,06/30/2021,07/01/2021 07:32:30,19485.367,19529.891,44.521
'10443720000724329,07/01/2021,07/02/2021 07:27:05,19529.891,19576.186,46.293
'10443720000724329,07/02/2021,07/03/2021 07:23:56,19576.186,19607.945,31.762
'10443720000724329,07/03/2021,07/04/2021 08:26:47,19607.945,19640.741,32.798
'10443720000724329,07/04/2021,07/05/2021 07:24:48,19640.741,19674.054,33.311
'10443720000724329,07/05/2021,07/06/2021 07:27:21,19674.054,19709.09,35.037
'10443720000724329,07/06/2021,07/07/2021 07:24:25,19709.09,19740.346,31.257
'10443720000724329,07/07/2021,07/08/2021 07:49:34,19740.346,19781.224,40.88
'10443720000724329,07/08/2021,07/09/2021 07:29:28,19781.224,19826.851,45.63
'10443720000724329,07/09/2021,07/10/2021 07:26:41,19826.851,19871.744,44.894
'10443720000724329,07/10/2021,07/11/2021 09:50:05,19871.744,19917.666,45.915
'10443720000724329,07/11/2021,07/12/2021 07:30:39,19917.666,19961.49,43.821
'10443720000724329,07/12/2021,07/13/2021 08:09:07,19961.49,19999.499,38.007
'10443720000724329,07/13/2021,07/14/2021 07:42:15,19999.499,20041.832,42.332
'10443720000724329,07/14/2021,07/15/2021 08:37:11,20041.832,20077.022,35.191
'10443720000724329,07/15/2021,07/16/2021 08:13:06,20077.022,20121.946,44.925
'10443720000724329,07/16/2021,07/17/2021 07:28:21,20121.946,20165.153,43.204
'10443720000724329,07/17/2021,07/18/2021 09:24:54,20165.153,20207.857,42.698
'10443720000724329,07/18/2021,07/19/2021 07:34:23,20207.857,20244.893,37.037
'10443720000724329,07/19/2021,07/20/2021 07:24:41,20244.893,20285.009,40.118
'10443720000724329,07/20/2021,07/21/2021 07:36:05,20285.009,20320.146,35.14
'10443720000724329,07/21/2021,07/22/2021 07:32:51,20320.146,20350.154,30.009
'10443720000724329,07/22/2021,07/23/2021 07:36:31,20350.154,20389.136,38.988
'10443720000724329,07/23/2021,07/24/2021 07:35:20,20389.136,20424.223,35.09
'10443720000724329,07/24/2021,07/25/2021 09:01:33,20424.223,20462.756,38.539
'10443720000724329,07/25/2021,07/26/2021 07:27:59,20462.756,20507.242,44.486
'10443720000724329,07/26/2021,07/27/2021 07:36:14,20507.242,20559.58,52.338
'10443720000724329,07/27/2021,07/28/2021 07:32:01,20559.58,20611.733,52.15
'10443720000724329,07/28/2021,07/29/2021 07:22:16,20611.733,20664.346,52.623
'10443720000724329,07/29/2021,07/30/2021 07:26:01,20664.346,20714.66,50.312
'10443720000724329,07/30/2021,07/31/2021 07:28:47,20714.66,20767.259,52.593
'10443720000724329,07/31/2021,08/01/2021 09:50:04,20767.259,20817.946,50.689
'10443720000724329,08/01/2021,08/02/2021 07:46:04,20817.946,20859.156,41.213
'10443720000724329,08/02/2021,08/03/2021 07:31:22,20859.156,20888.587,29.436
'10443720000724329,08/03/2021,08/04/2021 07:33:37,20888.587,20927.287,38.702
'10443720000724329,08/04/2021,08/05/2021 07:35:44,20927.287,20962.176,34.887
'10443720000724329,08/05/2021,08/06/2021 07:56:30,20962.176,20991.479,29.301
'10443720000724329,08/06/2021,08/07/2021 07:32:54,20991.479,21011.341,19.867
'10443720000724329,08/07/2021,08/08/2021 08:39:35,21011.341,21025.847,14.508
'10443720000724329,08/08/2021,08/09/2021 07:34:05,21025.847,21042.48,16.63
'10443720000724329,08/09/2021,08/10/2021 07:37:26,21042.48,21060.886,18.398
'10443720000724329,08/10/2021,08/11/2021 07:46:28,21060.886,21079.952,19.061
'10443720000724329,08/11/2021,08/12/2021 07:35:24,21079.952,21108.224,28.268
'10443720000724329,08/12/2021,08/13/2021 07:43:06,21108.224,21142.675,34.454
'10443720000724329,08/13/2021,08/14/2021 07:30:32,21142.675,21189.509,46.832
'10443720000724329,08/14/2021,08/15/2021 08:37:10,21189.509,21227.59,38.081
'10443720000724329,08/15/2021,08/16/2021 07:36:40,21227.59,21259.241,31.651
'10443720000724329,08/16/2021,08/17/2021 08:11:22,21259.241,21300.605,41.36
'10443720000724329,08/17/2021,08/18/2021 07:40:02,21300.605,21333.521,32.915
'10443720000724329,08/18/2021,08/19/2021 07:47:27,21333.521,21360.497,26.976
'10443720000724329,08/19/2021,08/20/2021 07:39:03,21360.497,21402.127,41.625
'10443720000724329,08/20/2021,08/21/2021 07:44:35,21402.127,21450.073,47.949
'10443720000724329,08/21/2021,08/22/2021 17:27:06,21450.073,21502.282,52.211
'10443720000724329,08/22/2021,08/23/2021 08:08:50,21502.282,21547.168,44.883
'10443720000724329,08/23/2021,08/24/2021 07:40:23,21547.168,21587.035,39.862
'10443720000724329,08/24/2021,08/26/2021 07:38:39,21587.035,21631.897,44.867
'10443720000724329,08/25/2021,08/26/2021 07:36:40,21631.897,21673.702,41.806
'10443720000724329,08/26/2021,08/27/2021 07:48:06,21673.702,21719.844,46.144
'10443720000724329,08/27/2021,08/28/2021 07:20:20,21719.844,21761.854,42.014
'10443720000724329,08/28/2021,08/29/2021 08:24:53,21761.854,21799.537,37.684
'10443720000724329,08/29/2021,08/30/2021 07:17:03,21799.537,21836.789,37.251
'10443720000724329,08/30/2021,08/31/2021 07:22:40,21836.789,21875.834,39.049
'10443720000724329,08/31/2021,09/01/2021 07:21:28,21875.834,21918.155,42.317
'10443720000724329,09/01/2021,09/02/2021 07:29:48,21918.155,21964.085,45.926
'10443720000724329,09/02/2021,09/03/2021 07:53:47,21964.085,22008.635,44.549
'10443720000724329,09/03/2021,09/04/2021 10:12:25,22008.635,22054.86,46.226
'10443720000724329,09/04/2021,09/05/2021 08:23:41,22054.86,22108.876,54.022
'10443720000724329,09/05/2021,09/06/2021 07:33:18,22108.876,22148.816,39.943
'10443720000724329,09/06/2021,09/07/2021 08:12:59,22148.816,22193.762,44.941
'10443720000724329,09/07/2021,09/08/2021 07:36:10,22193.762,22231.844,38.081
'10443720000724329,09/08/2021,09/09/2021 07:47:44,22231.844,22267.598,35.753
'10443720000724329,09/09/2021,09/10/2021 07:43:53,22267.598,22297.986,30.386
'10443720000724329,09/10/2021,09/11/2021 07:40:50,22297.986,22329.026,31.038
'10443720000724329,09/11/2021,09/12/2021 08:45:36,22329.026,22358.638,29.615
'10443720000724329,09/12/2021,09/13/2021 07:39:24,22358.638,22390.682,32.049
'10443720000724329,09/13/2021,09/14/2021 07:45:40,22390.682,22422.566,31.886
'10443720000724329,09/14/2021,09/15/2021 07:48:20,22422.566,22451.308,28.737
'10443720000724329,09/15/2021,09/16/2021 07:46:21,22451.308,22484.974,33.666
'10443720000724329,09/16/2021,09/17/2021 07:33:11,22484.974,22515.824,30.851
'10443720000724329,09/17/2021,09/18/2021 07:51:02,22515.824,22548.484,32.662
'10443720000724329,09/18/2021,09/19/2021 11:19:47,22548.484,22587.446,38.963
'10443720000724329,09/19/2021,09/20/2021 07:38:37,22587.446,22629.796,42.35
'10443720000724329,09/20/2021,09/21/2021 07:47:53,22629.796,22672.01,42.216
'10443720000724329,09/21/2021,09/22/2021 07:40:26,22672.01,22707.674,35.669
'10443720000724329,09/22/2021,09/23/2021 07:42:13,22707.674,22730.586,22.913
'10443720000724329,09/23/2021,09/24/2021 07:40:47,22730.586,22757.83,27.246
'10443720000724329,09/24/2021,09/25/2021 07:31:08,22757.83,22783.166,25.342
'10443720000724329,09/25/2021,09/26/2021 08:40:49,22783.166,22798.024,14.856
'10443720000724329,09/26/2021,09/27/2021 07:51:06,22798.024,22817.154,19.13
'10443720000724329,09/27/2021,09/28/2021 08:39:49,22817.154,22832.603,15.448
'10443720000724329,09/28/2021,09/29/2021 07:35:34,22832.603,22851.409,18.811
'10443720000724329,09/29/2021,09/30/2021 07:38:36,22851.409,22879.01,27.605
'10443720000724329,09/30/2021,10/01/2021 08:05:52,22879.01,22908.409,29.404
'10443720000724329,10/01/2021,10/02/2021 07:38:41,22908.409,22927.022,18.612
'10443720000724329,10/02/2021,10/03/2021 08:46:21,22927.022,22949.693,22.672
'10443720000724329,10/03/2021,10/04/2021 07:38:34,22949.693,22978.841,29.144
'10443720000724329,10/04/2021,10/05/2021 07:38:47,22978.841,23006.076,27.235
'10443720000724329,10/05/2021,10/06/2021 07:45:19,23006.076,23033.14,27.065
'10443720000724329,10/06/2021,10/07/2021 07:42:46,23033.14,23061.432,28.293
'10443720000724329,10/07/2021,10/08/2021 07:54:37,23061.432,23090.358,28.927
'10443720000724329,10/08/2021,10/09/2021 07:32:39,23090.358,23119.972,29.614
'10443720000724329,10/09/2021,10/10/2021 08:47:44,23119.972,23151.133,31.16
'10443720000724329,10/10/2021,10/11/2021 07:40:54,23151.133,23184.934,33.796
'10443720000724329,10/11/2021,10/12/2021 07:51:43,23184.934,23205.702,20.769
'10443720000724329,10/12/2021,10/13/2021 07:40:21,23205.702,23226.038,20.337
'10443720000724329,10/13/2021,10/14/2021 08:08:42,23226.038,23249.681,23.645
'10443720000724329,10/14/2021,10/15/2021 07:57:28,23249.681,23277.246,27.565
'10443720000724329,10/15/2021,10/16/2021 07:59:50,23277.246,23298.726,21.483
'10443720000724329,10/16/2021,10/17/2021 08:54:54,23298.726,23314.594,15.866
'10443720000724329,10/17/2021,10/18/2021 07:40:45,23314.594,23334.438,19.843
'10443720000724329,10/18/2021,10/19/2021 07:44:05,23334.438,23351.69,17.252
'10443720000724329,10/19/2021,10/20/2021 07:44:13,23351.69,23365.002,13.31
'10443720000724329,10/20/2021,10/21/2021 07:37:09,23365.002,23375.647,10.644
'10443720000724329,10/21/2021,10/22/2021 07:34:04,23375.647,23386.732,11.086
'10443720000724329,10/22/2021,10/23/2021 07:26:02,23386.732,23407.933,21.207
'10443720000724329,10/23/2021,10/24/2021 08:52:02,23407.933,23432.129,24.196
'10443720000724329,10/24/2021,10/25/2021 07:46:12,23432.129,23458.346,26.216
'10443720000724329,10/25/2021,10/26/2021 08:00:12,23458.346,23485.886,27.545
'10443720000724329,10/26/2021,10/27/2021 07:38:02,23485.886,23514.893,29.005
'10443720000724329,10/27/2021,10/28/2021 07:29:37,23514.893,23533.831,18.941
'10443720000724329,10/28/2021,10/29/2021 07:29:23,23533.831,23550.252,16.421
'10443720000724329,10/29/2021,10/30/2021 07:32:09,23550.252,23566.228,15.977
'10443720000724329,10/30/2021,10/31/2021 08:42:16,23566.228,23581.03,14.801
'10443720000724329,10/31/2021,11/01/2021 07:32:15,23581.03,23600.142,19.113
'10443720000724329,11/01/2021,11/02/2021 07:33:15,23600.142,23615.227,15.081
'10443720000724329,11/02/2021,11/03/2021 07:32:46,23615.227,23630.275,15.053
'10443720000724329,11/03/2021,11/04/2021 07:48:08,23630.275,23652.659,22.384
'10443720000724329,11/04/2021,11/05/2021 07:32:48,23652.659,23678.405,25.749
'10443720000724329,11/05/2021,11/06/2021 07:25:56,23678.405,23702.402,23.997
'10443720000724329,11/06/2021,11/07/2021 13:04:06,23702.402,23728.462,26.056
'10443720000724329,11/07/2021,11/08/2021 10:47:23,23728.462,23752.088,23.629
'10443720000724329,11/08/2021,11/09/2021 08:59:44,23752.088,23767.703,15.617
'10443720000724329,11/09/2021,11/10/2021 07:33:17,23767.703,23784.382,16.682
'10443720000724329,11/10/2021,11/11/2021 07:30:51,23784.382,23798.735,14.356
'10443720000724329,11/11/2021,11/12/2021 07:50:54,23798.735,23817.906,19.172
'10443720000724329,11/12/2021,11/16/2021 06:43:55,23817.906,23842.596,24.697
'10443720000724329,11/13/2021,11/14/2021 14:14:39,23842.596,23862.596,20.209
'10443720000724329,11/14/2021,11/15/2021 06:36:07,23862.596,23884.656,21.851
'10443720000724329,11/15/2021,11/16/2021 06:42:05,23884.656,23902.974,18.315
'10443720000724329,11/16/2021,11/17/2021 07:12:27,23902.974,23924.13,21.151
'10443720000724329,11/17/2021,11/18/2021 06:38:05,23924.13,23942.531,18.401
'10443720000724329,11/18/2021,11/19/2021 06:39:32,23942.531,23960.938,18.401
'10443720000724329,11/19/2021,11/20/2021 06:37:44,23960.938,23984.741,23.804
'10443720000724329,11/20/2021,11/21/2021 16:43:51,23984.741,24003.286,18.545
'10443720000724329,11/21/2021,11/22/2021 06:36:55,24003.286,24020.803,17.521
'10443720000724329,11/22/2021,11/23/2021 06:37:14,24020.803,24043.859,23.061
'10443720000724329,11/23/2021,11/24/2021 06:45:26,24043.859,24063.84,19.976
'10443720000724329,11/24/2021,11/28/2021 07:27:45,24063.84,24078.01,14.166
'10443720000724329,11/25/2021,11/29/2021 06:42:47,24078.01,24087.779,9.765
'10443720000724329,11/26/2021,11/27/2021 06:36:33,24087.779,24097.225,9.448
'10443720000724329,11/27/2021,11/28/2021 07:26:15,24097.225,24106.877,9.65
'10443720000724329,11/28/2021,12/02/2021 06:45:02,24106.877,24124.14,17.263
'10443720000724329,11/29/2021,11/30/2021 06:37:15,24124.14,24155.824,31.685
'10443720000724329,11/30/2021,12/01/2021 06:40:25,24155.824,24174.907,19.082
'10443720000724329,12/01/2021,12/02/2021 06:43:21,24174.907,24192.04,17.136
'10443720000724329,12/02/2021,12/03/2021 06:40:39,24192.04,24209.058,17.025
'10443720000724329,12/03/2021,12/04/2021 06:38:49,24209.058,24227.512,18.456
'10443720000724329,12/04/2021,12/05/2021 09:05:16,24227.512,24248.698,21.189
'10443720000724329,12/05/2021,12/06/2021 06:35:11,24248.698,24268.102,19.403
'10443720000724329,12/06/2021,12/07/2021 06:41:43,24268.102,24292.868,24.764
'10443720000724329,12/07/2021,12/08/2021 06:41:23,24292.868,24324.544,31.674
'10443720000724329,12/08/2021,12/09/2021 06:40:34,24324.544,24357.67,33.128
'10443720000724329,12/09/2021,12/10/2021 06:40:33,24357.67,24379.608,21.937
'10443720000724329,12/10/2021,12/11/2021 06:39:09,24379.608,24404.618,25.015
'10443720000724329,12/11/2021,12/12/2021 10:32:22,24404.618,24427.475,22.85
'10443720000724329,12/12/2021,12/13/2021 06:38:58,24427.475,24467.848,40.375
'10443720000724329,12/13/2021,12/14/2021 07:26:33,24467.848,24495.553,27.707
'10443720000724329,12/14/2021,12/15/2021 07:07:50,24495.553,24513.113,17.556
'10443720000724329,12/15/2021,12/16/2021 06:39:09,24513.113,24528.658,15.551
'10443720000724329,12/16/2021,12/17/2021 07:15:42,24528.658,24546.415,17.76
'10443720000724329,12/17/2021,12/18/2021 06:38:43,24546.415,24566.512,20.098
'10443720000724329,12/18/2021,12/19/2021 07:25:14,24566.512,24591.744,25.232
'10443720000724329,12/19/2021,12/20/2021 06:38:44,24591.744,24634.748,43.004
'10443720000724329,12/20/2021,12/21/2021 06:37:48,24634.748,24674.953,40.204
'10443720000724329,12/21/2021,12/22/2021 06:39:27,24674.953,24709.661,34.712
'10443720000724329,12/22/2021,12/23/2021 06:38:32,24709.661,24743.357,33.696
'10443720000724329,12/23/2021,12/24/2021 06:37:04,24743.357,24767.358,24
'10443720000724329,12/24/2021,12/25/2021 06:36:18,24767.358,24789.995,22.636
'10443720000724329,12/25/2021,12/26/2021 07:21:47,24789.995,24821.686,31.689
'10443720000724329,12/26/2021,12/27/2021 06:47:31,24821.686,24847.345,25.657
'10443720000724329,12/27/2021,12/28/2021 06:39:23,24847.345,24865.864,18.522
'10443720000724329,12/28/2021,12/29/2021 06:41:47,24865.864,24880.033,14.165
'10443720000724329,12/29/2021,12/30/2021 06:39:37,24880.033,24893.645,13.613
'10443720000724329,12/30/2021,12/31/2021 06:38:59,24893.645,24906.001,12.354
'10443720000724329,12/31/2021,01/01/2022 06:36:36,24906.001,24932.717,26.709
'10443720000724329,01/01/2022,01/02/2022 07:26:49,24932.717,24965.231,32.517
'10443720000724329,01/02/2022,01/03/2022 06:37:26,24965.231,25050.553,85.325
'10443720000724329,01/03/2022,01/04/2022 06:42:30,25050.553,25104.78,54.227
'10443720000724329,01/04/2022,01/05/2022 06:40:24,25104.78,25148.789,44.006
'10443720000724329,01/05/2022,01/06/2022 06:53:59,25148.789,25180.777,31.984
'10443720000724329,01/06/2022,01/07/2022 06:41:07,25180.777,25235.59,54.806
'10443720000724329,01/07/2022,01/08/2022 06:38:16,25235.59,25295.19,59.598
'10443720000724329,01/08/2022,01/09/2022 07:23:49,25295.19,25332.478,37.291
'10443720000724329,01/09/2022,01/10/2022 06:34:43,25332.478,25364.213,31.733
'10443720000724329,01/10/2022,01/11/2022 06:40:15,25364.213,25409.166,44.954
'10443720000724329,01/11/2022,01/12/2022 06:44:56,25409.166,25449.263,40.096
'10443720000724329,01/12/2022,01/13/2022 06:50:36,25449.263,25483.132,33.868
'10443720000724329,01/13/2022,01/14/2022 06:59:28,25483.132,25513.735,30.604
'10443720000724329,01/14/2022,01/15/2022 06:38:13,25513.735,25537.583,23.848
'10443720000724329,01/15/2022,01/16/2022 07:32:12,25537.583,25626.379,88.796
'10443720000724329,01/16/2022,01/17/2022 06:34:00,25626.379,25676.693,50.313
'10443720000724329,01/17/2022,01/18/2022 06:38:55,25676.693,25721.528,44.836
'10443720000724329,01/18/2022,01/19/2022 07:08:49,25721.528,25751.404,29.875
'10443720000724329,01/19/2022,01/20/2022 06:39:48,25751.404,25787.072,35.669
'10443720000724329,01/20/2022,01/21/2022 06:39:28,25787.072,25868.465,81.39
'10443720000724329,01/21/2022,01/22/2022 06:38:12,25868.465,25939.342,70.881
'10443720000724329,01/22/2022,01/23/2022 07:30:13,25939.342,25999.777,60.434
'10443720000724329,01/23/2022,01/24/2022 06:38:24,25999.777,26043.096,43.323
'10443720000724329,01/24/2022,01/25/2022 06:43:25,26043.096,26075.255,32.154
'10443720000724329,01/25/2022,01/26/2022 06:42:15,26075.255,26106.276,31.023
'10443720000724329,01/26/2022,01/27/2022 06:37:58,26106.276,26148.482,42.208
'10443720000724329,01/27/2022,01/28/2022 06:38:33,26148.482,26185.518,37.038
'10443720000724329,01/28/2022,01/29/2022 06:38:13,26185.518,26228.736,43.219
'10443720000724329,01/29/2022,01/30/2022 07:26:23,26228.736,26274.184,45.451
'10443720000724329,01/30/2022,01/31/2022 06:40:56,26274.184,26295.125,20.943
'10443720000724329,01/31/2022,02/01/2022 06:40:16,26295.125,26305.908,10.783
'10443720000724329,02/01/2022,02/02/2022 06:39:09,26305.908,26316.313,10.403
'10443720000724329,02/02/2022,02/03/2022 07:08:49,26316.313,26339.893,23.578
'10443720000724329,02/03/2022,02/04/2022 06:43:57,26339.893,26499.787,159.894
'10443720000724329,02/04/2022,02/05/2022 06:40:55,26499.787,26588.9,89.112
'10443720000724329,02/05/2022,02/06/2022 07:27:10,26588.9,26653.67,64.771
'10443720000724329,02/06/2022,02/07/2022 06:41:11,26653.67,26699.612,45.941
'10443720000724329,02/07/2022,02/08/2022 06:41:31,26699.612,26757.995,58.384
'10443720000724329,02/08/2022,02/09/2022 06:39:40,26757.995,26800.63,42.645
'10443720000724329,02/09/2022,02/10/2022 06:40:08,26800.63,26827.231,26.599
'10443720000724329,02/10/2022,02/11/2022 06:41:37,26827.231,26855.603,28.371
'10443720000724329,02/11/2022,02/12/2022 06:40:42,26855.603,26881.548,25.947
'10443720000724329,02/12/2022,02/13/2022 07:29:41,26881.548,26909.489,27.939
'10443720000724329,02/13/2022,02/14/2022 06:39:20,26909.489,26970.704,61.222
'10443720000724329,02/14/2022,02/15/2022 06:58:44,26970.704,27002.503,31.797
'10443720000724329,02/15/2022,02/16/2022 06:39:14,27002.503,27028.771,26.265
'10443720000724329,02/16/2022,02/17/2022 06:37:54,27028.771,27055.805,27.031
'10443720000724329,02/17/2022,02/18/2022 06:41:17,27055.805,27093.682,37.878
'10443720000724329,02/18/2022,02/19/2022 06:37:46,27093.682,27156.418,62.731
'10443720000724329,02/19/2022,02/20/2022 07:00:11,27156.418,27185.557,29.138
'10443720000724329,02/20/2022,02/21/2022 06:17:52,27185.557,27208.835,23.276
'10443720000724329,02/21/2022,02/22/2022 06:44:13,27208.835,27247.528,38.692
'10443720000724329,02/22/2022,02/23/2022 06:18:43,27247.528,27271.322,23.794
'10443720000724329,02/23/2022,02/24/2022 06:16:08,27271.322,27365.924,94.604
'10443720000724329,02/24/2022,02/25/2022 06:18:15,27365.924,27473.881,107.956
'10443720000724329,02/25/2022,02/26/2022 06:15:04,27473.881,27534.474,60.585
'10443720000724329,02/26/2022,02/27/2022 06:52:22,27534.474,27582.205,47.728
'10443720000724329,02/27/2022,02/28/2022 06:16:15,27582.205,27621.815,39.609
'10443720000724329,02/28/2022,03/01/2022 06:18:10,27621.815,27656.366,34.554
'10443720000724329,03/01/2022,03/02/2022 06:18:19,27656.366,27676.012,19.648
'10443720000724329,03/02/2022,03/03/2022 06:17:42,27676.012,27692.374,16.357
'10443720000724329,03/03/2022,03/04/2022 06:17:13,27692.374,27713.898,21.524
'10443720000724329,03/04/2022,03/05/2022 06:15:35,27713.898,27735.812,21.916
'10443720000724329,03/05/2022,03/06/2022 06:50:53,27735.812,27763.043,27.23
'10443720000724329,03/06/2022,03/07/2022 06:15:14,27763.043,27792.42,29.373
'10443720000724329,03/07/2022,03/08/2022 06:15:55,27792.42,27826.937,34.516
'10443720000724329,03/08/2022,03/09/2022 06:17:31,27826.937,27872.927,45.993
'10443720000724329,03/09/2022,03/10/2022 06:17:13,27872.927,27920.965,48.036
'10443720000724329,03/10/2022,03/11/2022 06:17:22,27920.965,27953.755,32.794
'10443720000724329,03/11/2022,03/12/2022 06:14:28,27953.755,28016.323,62.569
'10443720000724329,03/12/2022,03/13/2022 08:45:04,28016.323,28059.931,43.607
'10443720000724329,03/13/2022,03/14/2022 08:37:35,28059.931,28090.933,31.001
'10443720000724329,03/14/2022,03/15/2022 08:28:24,28090.933,28123.298,32.366
'10443720000724329,03/15/2022,03/17/2022 06:42:25,28123.298,28146.114,22.813
'10443720000724329,03/16/2022,03/17/2022 06:41:45,28146.114,28171.85,25.739
'10443720000724329,03/17/2022,03/18/2022 06:18:52,28171.85,28189.747,17.897
'10443720000724329,03/18/2022,03/19/2022 06:18:44,28189.747,28200.551,10.803
'10443720000724329,03/19/2022,03/20/2022 06:53:24,28200.551,28210.992,10.441
'10443720000724329,03/20/2022,03/21/2022 06:16:21,28210.992,28223.387,12.396
'10443720000724329,03/21/2022,03/22/2022 06:18:44,28223.387,28246.469,23.078
'10443720000724329,03/22/2022,03/23/2022 06:51:24,28246.469,28281.076,34.607
'10443720000724329,03/23/2022,03/24/2022 06:43:58,28281.076,28302.929,21.848
'10443720000724329,03/24/2022,03/25/2022 06:19:27,28302.929,28332.491,29.562
'10443720000724329,03/25/2022,03/26/2022 06:17:59,28332.491,28354.328,21.84
'10443720000724329,03/26/2022,03/27/2022 10:58:51,28354.328,28377.804,23.476
'10443720000724329,03/27/2022,03/28/2022 06:16:54,28377.804,28408.164,30.358
'10443720000724329,03/28/2022,03/29/2022 06:26:22,28408.164,28431.826,23.659
'10443720000724329,03/29/2022,03/30/2022 06:23:31,28431.826,28452.76,20.933
'10443720000724329,03/30/2022,03/31/2022 06:20:57,28452.76,28475.208,22.456
'10443720000724329,03/31/2022,04/01/2022 06:35:38,28475.208,28492.609,17.407
'10443720000724329,04/01/2022,04/02/2022 06:22:49,28492.609,28514.638,22.03
'10443720000724329,04/02/2022,04/03/2022 07:04:17,28514.638,28543.27,28.635
'10443720000724329,04/03/2022,04/04/2022 06:26:26,28543.27,28587.828,44.56
'10443720000724329,04/04/2022,04/05/2022 07:02:16,28587.828,28611.404,23.577
'10443720000724329,04/05/2022,04/07/2022 06:24:52,28611.404,28644.404,32.599
'10443720000724329,04/06/2022,04/07/2022 06:24:12,28644.404,28664.531,20.531
'10443720000724329,04/07/2022,04/08/2022 06:24:55,28664.531,28681.51,16.98
'10443720000724329,04/08/2022,04/09/2022 06:26:18,28681.51,28699.826,18.311
'10443720000724329,04/09/2022,04/10/2022 07:01:52,28699.826,28717.463,17.632
'10443720000724329,04/10/2022,04/11/2022 06:31:28,28717.463,28740.714,23.252
'10443720000724329,04/11/2022,04/12/2022 06:32:24,28740.714,28769.284,28.565
'10443720000724329,04/12/2022,04/13/2022 06:40:52,28769.284,28791.828,22.545
'10443720000724329,04/13/2022,04/14/2022 06:40:09,28791.828,28812.792,20.968
'10443720000724329,04/14/2022,04/15/2022 06:35:33,28812.792,28832.492,19.701
'10443720000724329,04/15/2022,04/16/2022 06:34:14,28832.492,28854.287,21.793
'10443720000724329,04/16/2022,04/17/2022 07:07:15,28854.287,28881.107,26.821
'10443720000724329,04/17/2022,04/18/2022 06:35:27,28881.107,28896.374,15.271
'10443720000724329,04/18/2022,04/19/2022 06:35:12,28896.374,28918.612,22.239
'10443720000724329,04/19/2022,04/20/2022 06:42:37,28918.612,28933.612,15.197
'10443720000724329,04/20/2022,04/21/2022 06:42:58,28933.612,28953.966,20.156
'10443720000724329,04/21/2022,04/22/2022 06:35:05,28953.966,28989.365,35.4
'10443720000724329,04/22/2022,04/23/2022 06:36:35,28989.365,29023.365,34.397
'10443720000724329,04/23/2022,04/24/2022 07:03:14,29023.365,29042.116,18.355
'10443720000724329,04/24/2022,04/25/2022 07:00:04,29042.116,29056.116,13.558
'10443720000724329,04/25/2022,04/26/2022 06:17:54,29056.116,29066.514,10.838
'10443720000724329,04/26/2022,04/27/2022 06:22:18,29066.514,29076.751,10.236
'10443720000724329,04/27/2022,04/28/2022 06:18:47,29076.751,29087.275,10.522
'10443720000724329,04/28/2022,04/29/2022 06:22:17,29087.275,29097.953,10.678
'10443720000724329,04/29/2022,04/30/2022 06:25:38,29097.953,29108.178,10.228
'10443720000724329,04/30/2022,05/01/2022 10:59:53,29108.178,29126.579,18.391
'10443720000724329,05/01/2022,05/02/2022 06:50:59,29126.579,29153.993,27.419
'10443720000724329,05/02/2022,05/03/2022 06:59:17,29153.993,29183.698,29.696
'10443720000724329,05/03/2022,05/04/2022 06:32:57,29183.698,29205.286,21.591
'10443720000724329,05/04/2022,05/05/2022 06:19:48,29205.286,29232.529,27.245
'10443720000724329,05/05/2022,05/06/2022 06:21:50,29232.529,29258.388,25.858
'10443720000724329,05/06/2022,05/07/2022 06:20:27,29258.388,29278.758,20.366
'10443720000724329,05/07/2022,05/08/2022 06:54:15,29278.758,29313.232,34.475
'10443720000724329,05/08/2022,05/09/2022 06:50:50,29313.232,29344.378,31.143
'10443720000724329,05/09/2022,05/10/2022 06:30:04,29344.378,29375.378,31.408
'10443720000724329,05/10/2022,05/11/2022 06:27:05,29375.378,29405.098,29.311
'10443720000724329,05/11/2022,05/12/2022 06:31:16,29405.098,29437.015,31.915
'10443720000724329,05/12/2022,05/13/2022 06:25:07,29437.015,29473.026,36.008
'10443720000724329,05/13/2022,05/14/2022 06:27:31,29473.026,29512.026,39.411
'10443720000724329,05/14/2022,05/15/2022 07:00:20,29512.026,29549.588,37.148
'10443720000724329,05/15/2022,05/16/2022 06:31:13,29549.588,29594.987,45.401
'10443720000724329,05/16/2022,05/17/2022 06:29:57,29594.987,29628.26,33.271
'10443720000724329,05/17/2022,05/18/2022 06:31:19,29628.26,29668.411,40.148
'10443720000724329,05/18/2022,05/19/2022 06:35:33,29668.411,29712.198,43.789
'10443720000724329,05/19/2022,05/20/2022 06:32:41,29712.198,29754.341,42.146
'10443720000724329,05/20/2022,05/21/2022 06:30:42,29754.341,29797.568,43.224
'10443720000724329,05/21/2022,05/22/2022 07:03:24,29797.568,29841.515,43.949
'10443720000724329,05/22/2022,05/23/2022 06:24:43,29841.515,29869.886,28.375
'10443720000724329,05/23/2022,05/24/2022 07:51:16,29869.886,29899.463,29.578
'10443720000724329,05/24/2022,05/25/2022 07:05:19,29899.463,29932.501,33.035
'10443720000724329,05/25/2022,05/26/2022 06:26:24,29932.501,29961.53,29.03
'10443720000724329,05/26/2022,05/27/2022 06:25:26,29961.53,29997.73,36.205
'10443720000724329,05/27/2022,05/29/2022 07:02:12,29997.73,30024.592,26.861
'10443720000724329,05/28/2022,06/02/2022 06:40:48,30024.592,30040.418,15.828
'10443720000724329,05/29/2022,06/03/2022 06:40:50,30040.418,30058.223,17.804
'10443720000724329,05/30/2022,05/31/2022 06:32:18,30058.223,30088.578,30.361
'10443720000724329,05/31/2022,06/01/2022 06:33:59,30088.578,30137.748,49.169
'10443720000724329,06/01/2022,06/02/2022 06:39:44,30137.748,30184.594,46.847
'10443720000724329,06/02/2022,06/03/2022 06:40:01,30184.594,30219.151,34.562
'10443720000724329,06/03/2022,06/04/2022 06:34:25,30219.151,30250.721,31.568
'10443720000724329,06/04/2022,06/05/2022 09:27:13,30250.721,30292.892,42.17
'10443720000724329,06/05/2022,06/06/2022 06:34:51,30292.892,30325.96,33.067
'10443720000724329,06/06/2022,06/07/2022 06:25:42,30325.96,30365.623,39.662
'10443720000724329,06/07/2022,06/08/2022 06:22:12,30365.623,30405.671,40.051
'10443720000724329,06/08/2022,06/09/2022 06:21:01,30405.671,30443.178,37.507
'10443720000724329,06/09/2022,06/10/2022 07:05:26,30443.178,30478.944,35.766
'10443720000724329,06/10/2022,06/11/2022 07:05:11,30478.944,30528.944,50.004
'10443720000724329,06/11/2022,06/12/2022 07:35:08,30528.944,30584.227,55.276
'10443720000724329,06/12/2022,06/13/2022 06:47:35,30584.227,30643.902,59.671
'10443720000724329,06/13/2022,06/14/2022 06:46:02,30643.902,30691.589,47.688
'10443720000724329,06/14/2022,06/15/2022 06:46:08,30691.589,30738.589,47.093
'10443720000724329,06/15/2022,06/16/2022 06:49:05,30738.589,30781.314,42.63
'10443720000724329,06/16/2022,06/17/2022 06:54:56,30781.314,30836.622,55.303
'10443720000724329,06/17/2022,06/18/2022 06:53:23,30836.622,30873.622,36.684
'10443720000724329,06/18/2022,06/19/2022 07:21:54,30873.622,30892.793,19.492
'10443720000724329,06/19/2022,06/20/2022 06:53:33,30892.793,30914.022,21.232
'10443720000724329,06/20/2022,06/21/2022 06:57:55,30914.022,30935.479,21.455
'10443720000724329,06/21/2022,06/22/2022 07:00:32,30935.479,30997.565,62.086
'10443720000724329,06/22/2022,06/23/2022 06:54:02,30997.565,31051.22,53.657
'10443720000724329,06/23/2022,06/24/2022 06:53:44,31051.22,31111.523,60.302
'10443720000724329,06/24/2022,06/25/2022 06:55:32,31111.523,31169.66,58.14
'10443720000724329,06/25/2022,06/26/2022 07:15:04,31169.66,31220.929,51.271
'10443720000724329,06/26/2022,06/27/2022 07:53:01,31220.929,31278.281,57.357
'10443720000724329,06/27/2022,06/28/2022 06:43:00,31278.281,31322.862,44.584
'10443720000724329,06/28/2022,06/29/2022 06:43:39,31322.862,31368.974,46.117
'10443720000724329,06/29/2022,06/30/2022 06:42:22,31368.974,31408.694,39.724
'10443720000724329,06/30/2022,07/01/2022 06:43:22,31408.694,31459.194,50.502
'10443720000724329,07/01/2022,07/02/2022 06:40:33,31459.194,31505.411,46.216
'10443720000724329,07/02/2022,07/03/2022 07:10:59,31505.411,31556.58,51.168
'10443720000724329,07/03/2022,07/04/2022 06:40:21,31556.58,31611.827,55.244
'10443720000724329,07/04/2022,07/05/2022 06:39:40,31611.827,31663.252,51.424
'10443720000724329,07/05/2022,07/06/2022 06:43:41,31663.252,31717.736,54.483
'10443720000724329,07/06/2022,07/07/2022 06:43:28,31717.736,31773.47,55.734
'10443720000724329,07/07/2022,07/08/2022 06:50:53,31773.47,31831.47,58.418
'10443720000724329,07/08/2022,07/09/2022 06:52:13,31831.47,31891.066,59.185
'10443720000724329,07/09/2022,07/10/2022 07:10:19,31891.066,31952.696,61.629
'10443720000724329,07/10/2022,07/11/2022 06:43:30,31952.696,32008.916,56.214
'10443720000724329,07/11/2022,07/12/2022 06:44:27,32008.916,32065.194,56.284
'10443720000724329,07/12/2022,07/13/2022 06:43:14,32065.194,32122.106,56.913
'10443720000724329,07/13/2022,07/14/2022 06:43:10,32122.106,32184.287,62.18
'10443720000724329,07/14/2022,07/15/2022 06:58:31,32184.287,32232.779,48.487
'10443720000724329,07/15/2022,07/16/2022 06:42:54,32232.779,32282.846,50.068
'10443720000724329,07/16/2022,07/17/2022 07:13:58,32282.846,32316.324,33.478
'10443720000724329,07/17/2022,07/18/2022 06:43:27,32316.324,32345.26,28.933
'10443720000724329,07/18/2022,07/19/2022 06:44:50,32345.26,32376.774,31.513
'10443720000724329,07/19/2022,07/20/2022 06:43:49,32376.774,32410.133,33.356
'10443720000724329,07/20/2022,07/21/2022 06:45:37,32410.133,32443.489,33.356
'10443720000724329,07/21/2022,07/22/2022 06:49:57,32443.489,32475.184,31.688
'10443720000724329,07/22/2022,07/23/2022 11:33:39,32475.184,32501.044,25.861
'10443720000724329,07/23/2022,07/24/2022 07:37:07,32501.044,32526.154,25.112
'10443720000724329,07/24/2022,07/26/2022 06:48:28,32526.154,32560.3,34.144
'10443720000724329,07/25/2022,07/26/2022 06:47:45,32560.3,32614.273,53.973
'10443720000724329,07/26/2022,07/27/2022 06:47:38,32614.273,32669.425,55.154
'10443720000724329,07/27/2022,07/28/2022 06:47:45,32669.425,32719.733,50.31
'10443720000724329,07/28/2022,07/29/2022 06:46:02,32719.733,32774.699,54.962
'10443720000724329,07/29/2022,07/30/2022 06:45:32,32774.699,32820.624,45.924
'10443720000724329,07/30/2022,08/01/2022 06:47:52,32820.624,32866.152,45.53
'10443720000724329,07/31/2022,08/01/2022 06:47:03,32866.152,32922.245,56.096
'10443720000724329,08/01/2022,08/02/2022 08:34:04,32922.245,32969.6,47.357
'10443720000724329,08/02/2022,08/03/2022 06:54:10,32969.6,33014.502,44.898
'10443720000724329,08/03/2022,08/04/2022 06:51:13,33014.502,33062.602,48.103
'10443720000724329,08/04/2022,08/05/2022 06:47:51,33062.602,33110.057,47.454
'10443720000724329,08/05/2022,08/06/2022 06:46:55,33110.057,33157.982,47.926
'10443720000724329,08/06/2022,08/07/2022 07:18:10,33157.982,33209.831,51.846
'10443720000724329,08/07/2022,08/08/2022 06:47:21,33209.831,33261.517,51.689
'10443720000724329,08/08/2022,08/09/2022 06:46:52,33261.517,33305.29,43.769
'10443720000724329,08/09/2022,08/10/2022 06:45:23,33305.29,33355.54,50.248
'10443720000724329,08/10/2022,08/11/2022 06:53:29,33355.54,33396.9,41.366
'10443720000724329,08/11/2022,08/13/2022 06:48:27,33396.9,33441.422,44.521
'10443720000724329,08/12/2022,08/13/2022 06:47:37,33441.422,33489.24,47.821
'10443720000724329,08/13/2022,08/14/2022 07:30:11,33489.24,33536.312,47.071
'10443720000724329,08/14/2022,08/15/2022 06:56:52,33536.312,33557.687,21.373
'10443720000724329,08/15/2022,08/16/2022 06:51:03,33557.687,33581.398,23.712
'10443720000724329,08/16/2022,08/17/2022 06:53:20,33581.398,33604.705,23.312
'10443720000724329,08/17/2022,08/18/2022 06:52:30,33604.705,33629.454,24.747
'10443720000724329,08/18/2022,08/19/2022 06:52:07,33629.454,33643.955,14.501
'10443720000724329,08/19/2022,08/20/2022 06:49:45,33643.955,33660.991,17.04
'10443720000724329,08/20/2022,08/21/2022 11:05:08,33660.991,33682.406,21.411
'10443720000724329,08/21/2022,08/22/2022 06:45:26,33682.406,33739.856,57.446
'10443720000724329,08/22/2022,08/23/2022 06:52:37,33739.856,33782.585,42.735
'10443720000724329,08/23/2022,08/24/2022 06:55:14,33782.585,33822.488,39.902
'10443720000724329,08/24/2022,08/25/2022 06:51:26,33822.488,33866.9,44.413
'10443720000724329,08/25/2022,08/26/2022 06:53:03,33866.9,33917.662,50.76
'10443720000724329,08/26/2022,08/27/2022 06:50:10,33917.662,33965.626,47.968
'10443720000724329,08/27/2022,08/28/2022 07:29:09,33965.626,34020.792,55.165
'10443720000724329,08/28/2022,08/29/2022 08:14:06,34020.792,34077.673,56.882
'10443720000724329,08/29/2022,08/30/2022 06:58:56,34077.673,34135.81,58.141
'10443720000724329,08/30/2022,08/31/2022 08:33:21,34135.81,34183.277,47.468
'10443720000724329,08/31/2022,09/01/2022 06:59:47,34183.277,34227.954,44.681
'10443720000724329,09/01/2022,09/02/2022 07:07:07,34227.954,34264.412,36.457
